id,class_label,definition,synonyms,parent_classes,object_properties,object_properties_readable,object_properties_simplified
HP_0000008,Abnormal morphology of female internal genitalia,An abnormality of the female internal genitalia.,Abnormality of female internal genitalia,Abnormal internal genitalia (HP_0000812) | Abnormality of the female genitalia (HP_0010460),"[{""property_type"": ""SOME"", ""property_label"": ""has part"", ""target_class_label"": ""morphology AND (characteristic of part of SOME internal female genitalia) AND (has modifier SOME abnormal"", ""target_class_id"": ""Complex_Expression"", ""cardinality"": null}]",has part SOME morphology AND (characteristic of part of SOME internal female genitalia) AND (has modifier SOME abnormal,morphology and ( internal female genitalia) and ( abnormal
HP_0000812,Abnormal internal genitalia,"An anomaly of the adnexa, uterus, and vagina (in female) or seminal tract and prostate (in male).",Abnormal internal genitalia,Abnormal reproductive system morphology (HP_0012243),"[{""property_type"": ""SOME"", ""property_label"": ""has part"", ""target_class_label"": ""quality AND (characteristic of part of SOME internal genitalia) AND (has modifier SOME abnormal"", ""target_class_id"": ""Complex_Expression"", ""cardinality"": null}]",has part SOME quality AND (characteristic of part of SOME internal genitalia) AND (has modifier SOME abnormal,quality and ( internal genitalia) and ( abnormal
HP_0010460,Abnormality of the female genitalia,Abnormality of the female genital system.,,Abnormal reproductive system morphology (HP_0012243),"[{""property_type"": ""SOME"", ""property_label"": ""has part"", ""target_class_label"": ""quality AND (characteristic of part of SOME female reproductive system) AND (has modifier SOME abnormal"", ""target_class_id"": ""Complex_Expression"", ""cardinality"": null}]",has part SOME quality AND (characteristic of part of SOME female reproductive system) AND (has modifier SOME abnormal,quality and ( female reproductive system) and ( abnormal
HP_0000012,Urinary urgency,"Urge incontinence is the strong, sudden need to urinate.",Overactive bladder | Urgent micturition | Urinary urgency | Overactive bladder syndrome | Urgency frequency syndrome,Functional abnormality of the bladder (HP_0000009),[],,
HP_0000130,Abnormality of the uterus,An abnormality of the uterus.,Abnormality of the uterus | Uterine abnormalities | Uterine malformations,Abnormal morphology of female internal genitalia (HP_0000008),"[{""property_type"": ""SOME"", ""property_label"": ""has part"", ""target_class_label"": ""quality AND (characteristic of part of SOME uterus) AND (has modifier SOME abnormal"", ""target_class_id"": ""Complex_Expression"", ""cardinality"": null}]",has part SOME quality AND (characteristic of part of SOME uterus) AND (has modifier SOME abnormal,quality and ( uterus) and ( abnormal
HP_0000132,Menorrhagia,Prolonged and excessive menses at regular intervals in excess of 80 mL or lasting longer than 7 days.,Abnormally heavy bleeding during menstruation | Abnormally heavy periods | Hypermenorrhea,Abnormality of the menstrual cycle (HP_0000140) | Abnormal bleeding (HP_0001892),[],,
HP_0000140,Abnormality of the menstrual cycle,An abnormality of the ovulation cycle.,Abnormality of the menstrual cycle | Menstrual abnormalities,Abnormal female reproductive system physiology (HP_0030012),"[{""property_type"": ""SOME"", ""property_label"": ""has part"", ""target_class_label"": ""process quality AND (characteristic of SOME menstruation) AND (has modifier SOME abnormal"", ""target_class_id"": ""Complex_Expression"", ""cardinality"": null}]",has part SOME process quality AND (characteristic of SOME menstruation) AND (has modifier SOME abnormal,process quality and ( menstruation) and ( abnormal
HP_0031105,Abnormal uterus morphology,Any anomaly of the structure of the uterus,,Abnormality of the uterus (HP_0000130),"[{""property_type"": ""SOME"", ""property_label"": ""has part"", ""target_class_label"": ""morphology AND (characteristic of part of SOME uterus) AND (has modifier SOME abnormal"", ""target_class_id"": ""Complex_Expression"", ""cardinality"": null}]",has part SOME morphology AND (characteristic of part of SOME uterus) AND (has modifier SOME abnormal,morphology and ( uterus) and ( abnormal
HP_0000137,Abnormality of the ovary,An abnormality of the ovary.,Abnormality of the ovaries | Abnormality of the ovary | Ovarian disease,Abnormal morphology of female internal genitalia (HP_0000008),"[{""property_type"": ""SOME"", ""property_label"": ""has part"", ""target_class_label"": ""quality AND (characteristic of part of SOME ovary) AND (has modifier SOME abnormal"", ""target_class_id"": ""Complex_Expression"", ""cardinality"": null}]",has part SOME quality AND (characteristic of part of SOME ovary) AND (has modifier SOME abnormal,quality and ( ovary) and ( abnormal
HP_0000138,Ovarian cyst,The presence of one or more cysts of the ovary.,Cystic abnormalities of the ovaries | Cystic ovaries | Ovarian cyst | Ovarian cystic abnormality,Abnormal ovarian morphology (HP_0031065),"[{""property_type"": ""SOME"", ""property_label"": ""has part"", ""target_class_label"": ""increased amount AND (characteristic of SOME (cyst AND (part of SOME ovary))) AND (has modifier SOME abnormal"", ""target_class_id"": ""Complex_Expression"", ""cardinality"": null}]",has part SOME increased amount AND (characteristic of SOME (cyst AND (part of SOME ovary))) AND (has modifier SOME abnormal,increased amount and ( (cyst and ( ovary))) and ( abnormal
HP_0031065,Abnormal ovarian morphology,,,Abnormality of the ovary (HP_0000137),"[{""property_type"": ""SOME"", ""property_label"": ""has part"", ""target_class_label"": ""morphology AND (characteristic of SOME ovary) AND (has modifier SOME abnormal"", ""target_class_id"": ""Complex_Expression"", ""cardinality"": null}]",has part SOME morphology AND (characteristic of SOME ovary) AND (has modifier SOME abnormal,morphology and ( ovary) and ( abnormal
HP_0030012,Abnormal female reproductive system physiology,,Abnormal female reproductive system physiology | Abnormal female genital system physiology,Abnormality of reproductive system physiology (HP_0000080),"[{""property_type"": ""SOME"", ""property_label"": ""has part"", ""target_class_label"": ""functionality AND (characteristic of SOME female reproductive system) AND (has modifier SOME abnormal"", ""target_class_id"": ""Complex_Expression"", ""cardinality"": null}]",has part SOME functionality AND (characteristic of SOME female reproductive system) AND (has modifier SOME abnormal,functionality and ( female reproductive system) and ( abnormal
HP_0000144,Decreased fertility,,Abnormal fertility | Decreased fertility,Abnormality of reproductive system physiology (HP_0000080),[],,
HP_0000790,Hematuria,The presence of blood in the urine. Hematuria may be gross hematuria (visible to the naked eye) or microscopic hematuria (detected by dipstick or microscopic examination of the urine).,Blood in urine,Abnormal renal physiology (HP_0012211) | Abnormal urine cytology (HP_0012614),"[{""property_type"": ""SOME"", ""property_label"": ""has part"", ""target_class_label"": ""increased amount AND (characteristic of SOME (blood AND (part of SOME urine))) AND (has modifier SOME abnormal"", ""target_class_id"": ""Complex_Expression"", ""cardinality"": null}]",has part SOME increased amount AND (characteristic of SOME (blood AND (part of SOME urine))) AND (has modifier SOME abnormal,increased amount and ( (blood and ( urine))) and ( abnormal
HP_0012243,Abnormal reproductive system morphology,A structural or developmental anomaly of any of the tissues involved in the genital system.,Abnormal genital system morphology,Abnormality of the genital system (HP_0000078),"[{""property_type"": ""SOME"", ""property_label"": ""has part"", ""target_class_label"": ""morphology AND (characteristic of SOME reproductive system) AND (has modifier SOME abnormal"", ""target_class_id"": ""Complex_Expression"", ""cardinality"": null}]",has part SOME morphology AND (characteristic of SOME reproductive system) AND (has modifier SOME abnormal,morphology and ( reproductive system) and ( abnormal
HP_0000858,Irregular menstruation,Abnormally high variation in the amount of time between periods.,Irregular menses | Irregular periods | Menstrual irregularities | Menstrual irregularity,Abnormality of the menstrual cycle (HP_0000140),"[{""property_type"": ""SOME"", ""property_label"": ""has part"", ""target_class_label"": ""irregular rhythm AND (towards SOME menstruation) AND (has modifier SOME abnormal"", ""target_class_id"": ""Complex_Expression"", ""cardinality"": null}]",has part SOME irregular rhythm AND (towards SOME menstruation) AND (has modifier SOME abnormal,irregular rhythm and ( menstruation) and ( abnormal
HP_0000868,Decreased fertility in females,,Decreased fertility in females | Reduced fertility in females,Decreased fertility (HP_0000144),[],,
HP_0025031,Abnormality of the digestive system,,,Phenotypic abnormality (HP_0000118),"[{""property_type"": ""SOME"", ""property_label"": ""has part"", ""target_class_label"": ""quality AND (characteristic of part of SOME digestive system) AND (has modifier SOME abnormal"", ""target_class_id"": ""Complex_Expression"", ""cardinality"": null}]",has part SOME quality AND (characteristic of part of SOME digestive system) AND (has modifier SOME abnormal,quality and ( digestive system) and ( abnormal
HP_0003270,Abdominal distention,Distention of the abdomen.,Abdominal bloating | Abdominal distension | Abdominal swelling | Belly bloating | Bloating | Distended abdomen,Abdominal symptom (HP_0011458),"[{""property_type"": ""SOME"", ""property_label"": ""has part"", ""target_class_label"": ""distended AND (characteristic of SOME abdomen) AND (has modifier SOME abnormal"", ""target_class_id"": ""Complex_Expression"", ""cardinality"": null}]",has part SOME distended AND (characteristic of SOME abdomen) AND (has modifier SOME abnormal,distended and ( abdomen) and ( abnormal
HP_0025142,Constitutional symptom,A symptom or manifestation indicating a systemic or general effect of a disease and that may affect the general well-being or status of an individual.,,Phenotypic abnormality (HP_0000118),[],,
HP_0001945,Fever,Body temperature elevated above the normal range.,Fever | Hyperthermia | Pyrexia,Abnormality of temperature regulation (HP_0004370),[],,
HP_0001954,Recurrent fever,Periodic (episodic or recurrent) bouts of fever.,"Episodic fever | Hyperthermia, episodic | Increased body temperature, episodic | Intermittent fever",Fever (HP_0001945),[],,
HP_0001955,Unexplained fevers,Episodes of fever for which no infectious cause can be identified.,Unexplained fevers,Fever (HP_0001945),[],,
HP_0002017,Nausea and vomiting,"Nausea is a commonly encountered symptom that has been defined as an unpleasant painless subjective feeling that one will imminently vomit. Vomiting has been defined as the forceful expulsion of the contents of the stomach, duodenum, or jejunum through the oral cavity. While nausea and vomiting are often thought to exist on a temporal continuum, this is not always the case. There are situations when severe nausea may be present without emesis and less frequently, when emesis may be present without preceding nausea.",Nausea and vomiting,Abdominal symptom (HP_0011458),[],,
HP_0002014,Diarrhea,Abnormally increased frequency (usually defined as three or more) loose or watery bowel movements a day.,Diarrhea | Diarrhoea | Watery stool,Abdominal symptom (HP_0011458),"[{""property_type"": ""SOME"", ""property_label"": ""has part"", ""target_class_label"": ""quality of a liquid AND (characteristic of SOME feces) AND (has modifier SOME abnormal"", ""target_class_id"": ""Complex_Expression"", ""cardinality"": null}]",has part SOME quality of a liquid AND (characteristic of SOME feces) AND (has modifier SOME abnormal,quality liquid and ( feces) and ( abnormal
HP_0011458,Abdominal symptom,A subjective manifestation of disease localized to the abdomen.,,Abnormality of digestive system physiology (HP_0025032),[],,
HP_0002019,Constipation,Infrequent or difficult evacuation of feces.,Constipation | Costiveness | Dyschezia,Abdominal symptom (HP_0011458),"[{""property_type"": ""SOME"", ""property_label"": ""has part"", ""target_class_label"": ""decreased frequency AND (characteristic of SOME defecation) AND (has modifier SOME abnormal"", ""target_class_id"": ""Complex_Expression"", ""cardinality"": null}]",has part SOME decreased frequency AND (characteristic of SOME defecation) AND (has modifier SOME abnormal,decreased frequency and ( defecation) and ( abnormal
HP_0025032,Abnormality of digestive system physiology,A functional anomaly of the digestive system.,,Abnormality of the digestive system (HP_0025031),"[{""property_type"": ""SOME"", ""property_label"": ""has part"", ""target_class_label"": ""functionality AND (characteristic of SOME digestive system) AND (has modifier SOME abnormal"", ""target_class_id"": ""Complex_Expression"", ""cardinality"": null}]",has part SOME functionality AND (characteristic of SOME digestive system) AND (has modifier SOME abnormal,functionality and ( digestive system) and ( abnormal
HP_0002027,Abdominal pain,"An unpleasant sensation characterized by physical discomfort (such as pricking, throbbing, or aching) and perceived to originate in the abdomen.",Abdominal pain | Pain in stomach | Stomach pain | Abdominal discomfort | Upset stomach,Abdominal symptom (HP_0011458) | Pain (HP_0012531),[],,
HP_0002028,Chronic diarrhea,"The presence of chronic diarrhea, which is usually taken to mean diarrhea that has persisted for over 4 weeks.","Chronic diarrhea | Chronic diarrhoea | Diarrhea, recurrent | Recurrent diarrhea | Recurrent diarrhoea",Diarrhea (HP_0002014),[],,
HP_0002041,Intractable diarrhea,,Intractable diarrhoea,Diarrhea (HP_0002014),[],,
HP_0002046,Heat intolerance,The inability to maintain a comfortable body temperature in warm or hot weather.,Heat intolerance | Intolerance to heat and fevers,Abnormality of temperature regulation (HP_0004370),[],,
HP_0025085,Bloody diarrhea,Passage of many stools containing blood.,Bloody bowel movement | Bloody diarrhea,Diarrhea (HP_0002014),[],,
HP_0002254,Intermittent diarrhea,Repeated episodes of diarrhea separated by periods without diarrhea.,Episodic diarrhea | Episodic diarrhoea | Intermittent diarrhoea,Diarrhea (HP_0002014),[],,
HP_0002373,Febrile seizure (within the age range of 3 months to 6 years),"A febrile seizure is any type of seizure (most often a generalized tonic-clonic seizure) occurring with fever (at least 38 degrees Celsius) but in the absence of central nervous system infection, severe metabolic disturbance or other alternative precipitant in children between the ages of 3 months and 6 years.","Febrile convulsion | Febrile seizures | Fever induced seizures | Seizures, febrile, in early childhood | Seizures, generalized, associated with fever",Seizure precipitated by febrile infection (HP_0032894),[],,
HP_0032894,Seizure precipitated by febrile infection,"Any form of seizure occurring at the time of a fever (temperature at or above 38.0 degrees Celcius) without infection of the central nervous system, and without an alternative cause such as severe metabolic derangement, occurring at any age.",Fever induced seizure,Infection-related seizure (HP_0032892),[],,
HP_0002574,Episodic abdominal pain,An intermittent form of abdominal pain.,Intermittent abdominal pain,Abdominal pain (HP_0002027) | Episodic pain (HP_0032148),[],,
HP_0002872,"Apneic episodes precipitated by illness, fatigue, stress","Recurrent episodes of apnea that are precipitated by factors such as illness, fatigue, or stress.",Episodic apnea induced by febrile illness or stress,Apnea (HP_0002104),[],,
HP_0002907,Microscopic hematuria,Microscopic hematuria detected by dipstick or microscopic examination of the urine.,Microhematuria | Occult hematuria | Small amount of blood in urine,Hematuria (HP_0000790),[],,
HP_0003193,Allergic rhinitis,"It is characterized by one or more symptoms including sneezing, itching, nasal congestion, and rhinorrhea.",Hay fever | Hayfever | Nasal allergies,Rhinitis (HP_0012384) | Allergy (HP_0012393),[],,
HP_0012041,Decreased fertility in males,,Decreased fertility in males,Decreased fertility (HP_0000144),[],,
HP_0004385,Protracted diarrhea,,Protracted diarrhoea,Diarrhea (HP_0002014),[],,
HP_0005208,Secretory diarrhea,Watery voluminous diarrhea resulting from an imbalance between ion and water secretion and absorption.,Secretory diarrhoea,Diarrhea (HP_0002014),[],,
HP_0008222,Female infertility,,Female infertility,Infertility (HP_0000789) | Decreased fertility in females (HP_0000868),"[{""property_type"": ""SOME"", ""property_label"": ""has part"", ""target_class_label"": ""female sterile AND (characteristic of SOME multicellular organism) AND (has modifier SOME abnormal"", ""target_class_id"": ""Complex_Expression"", ""cardinality"": null}]",has part SOME female sterile AND (characteristic of SOME multicellular organism) AND (has modifier SOME abnormal,female sterile and ( multicellular organism) and ( abnormal
HP_0009020,Exercise-induced muscle fatigue,An abnormally increased tendency towards muscle fatigue induced by physical exercise.,,Increased muscle fatiguability (HP_0003750),[],,
HP_0011037,Decreased urine output,A decreased rate of urine production.,,Abnormal urine output (HP_0012590),"[{""property_type"": ""SOME"", ""property_label"": ""has part"", ""target_class_label"": ""decreased rate AND (characteristic of SOME micturition) AND (has modifier SOME abnormal"", ""target_class_id"": ""Complex_Expression"", ""cardinality"": null}]",has part SOME decreased rate AND (characteristic of SOME micturition) AND (has modifier SOME abnormal,decreased rate and ( micturition) and ( abnormal
HP_0011134,Low-grade fever,Mild fever that does not exceed 38.5 degrees centigrade.,Low-grade fever | Mild fever,Fever (HP_0001945),[],,
HP_0011171,Simple febrile seizure,"A short generalized seizure, of a duration of <15 min, not recurring within 24 h, occurring during a febrile episode not caused by an acute disease of the nervous system intracranial infection or severe metabolic disturbance.",Simple febrile convulsion | Simple febrile seizures | Simple fever fit,Febrile seizure (within the age range of 3 months to 6 years) (HP_0002373),[],,
HP_0011172,Complex febrile seizure,"A febrile seizure that has any of the following features: focal semiology (or associated with post-ictal neurologic abnormalities beyond drowsiness, such as a Todd's paresis), prolonged seizure beyond 15 minutes, or recurring (occurring more than once) in a 24 hour period.",Complex febrile convulsion | Complex febrile seizures | Complex fever fit,Febrile seizure (within the age range of 3 months to 6 years) (HP_0002373),[],,
HP_0011483,Anterior synechiae of the anterior chamber,Adhesions between the iris and the cornea.,Anterior synechiae | Cornea-iris adhesion | Iridocorneal adhesions | Iridocorneal synechia,Anterior chamber synechiae (HP_0007833),[],,
HP_0011484,Posterior synechiae of the anterior chamber,Adhesions between the iris and the lens.,Iridolenticular adhesions | Posterior synechiae,Anterior chamber synechiae (HP_0007833),[],,
HP_0012378,Fatigue,A subjective feeling of tiredness characterized by a lack of energy and motivation.,Fatigue | Tired | Tiredness,Constitutional symptom (HP_0025142),[],,
HP_0012431,Episodic fatigue,Intermittent and recurrent bouts of a subjective feeling of tiredness characterized by a lack of energy and motivation.,,Fatigue (HP_0012378),[],,
HP_0012432,Chronic fatigue,Subjective feeling of tiredness characterized by a lack of energy and motivation that persists for six months or longer.,Chronic extreme exhaustion | Chronic fatigue,Fatigue (HP_0012378),[],,
HP_0012450,Chronic constipation,"Constipation for longer than three months with fewer than 3 bowel movements per week, straining, lumpy or hard stools, and a sensation of anorectal obstruction or incomplete defecation.",Chronic constipation | Infrequent bowel movements,Constipation (HP_0002019),[],,
HP_0012451,Acute constipation,Constipation of sudden onset and lasting for less than three months.,,Constipation (HP_0002019),[],,
HP_0012587,Macroscopic hematuria,Hematuria that is visible upon inspection of the urine.,Bloody urine | Gross hematuria,Hematuria (HP_0000790),[],,
HP_0012886,Hemorrhagic ovarian cyst,An abdominal mass formed by bleeding into a follicular ovarian cyst or corpus luteum cyst.,,Ovarian cyst (HP_0000138),[],,
HP_0025086,Bloody mucoid diarrhea,Passage of many stools containing blood and mucus.,Bloody mucoid diarrhea,Bloody diarrhea (HP_0025085),[],,
HP_0025215,Triggered by febrile illness,Applies to a sign or symptom that is provoked or brought about by febrile illness.,Febrile illness triggered symptoms | Triggered by fever,Triggered by (HP_0025204),[],,
HP_0030016,Dyspareunia,Recurrent or persistent genital pain associated with sexual intercourse.,,Abnormality of reproductive system physiology (HP_0000080),[],,
HP_0030244,Maternal fever in pregnancy,The occurrence of an elevated body temperature of the mother during pregnancy.,Maternal fever during pregnancy,Pregnancy history (HP_0002686),[],,
HP_0030245,Intrapartum fever,The occurrence of maternal fever during labor.,Maternal fever during labor | Maternal fever during labour,Maternal fever in pregnancy (HP_0030244),[],,
HP_0030246,Maternal first trimester fever,The occurrence of fever in a mother during the first trimester of pregnancy.,,Maternal fever in pregnancy (HP_0030244),[],,
HP_0030425,Calcified ovarian cyst,A cyst of the ovary that exhibits deposition of calcium salts.,,Ovarian cyst (HP_0000138),[],,
HP_0032249,Coccidioidomycosis,"Infection by a Coccidioides species fungus. These are dimorphic, soil-dwelling, fungi known to cause a broad spectrum of disease, ranging from a mild febrile illness to severe pulmonary manifestations or disseminated disease. The genus Coccidioides is comprised of two genetically distinct species: Coccidioides immitis and C. posadasii.",Valley fever,Opportunistic fungal infection (HP_0032255),[],,
HP_0032323,Periodic fever,Episodic fever that recurs at regular intervals.,,Recurrent fever (HP_0001954),[],,
HP_0032324,Non-periodic recurrent fever,Episodic fever that recurs at irregular intervals.,,Recurrent fever (HP_0001954),[],,
HP_0032656,Febrile status epilepticus,"A seizure lasting 30 minutes without fully regaining consciousness, provoked by fever (temperature greater than 38.0 degrees Celcius) at the time of seizure-onset, without a prior history of afebrile seizure and with no evidence of an acute central nervous system infection or insult.",Fever-induced status epilepticus,Status epilepticus (HP_0002133) | Complex febrile seizure (HP_0011172),[],,
HP_0032957,Dysmorphic hematuria,"The presence of dysmorphic urinary erythrocytes. This feature can be observed by phase-contrastmicroscopy, differential interference microscopy, and bright-field microscopy. The acanthocyte or G1 cell, which is a doughnut-shaped cell with one or more blebs, is reported to constitute a special form of dysmorphic erythro-cyte (D cell) specific for glomerular hematuria.",Acanthocyturia,Hematuria (HP_0000790),[],,
HP_0033087,Quotidian fever,Fever that occurs at daily intervals.,,Periodic fever (HP_0032323),[],,
HP_0033104,Inappropriate absence of fever,Failure to develop fever in the presence of an infection that normally would be expected to elicit a febrile response.,,Abnormality of temperature regulation (HP_0004370),[],,
HP_0033134,Abdominal adhesions,"Fibrous bands (i.e., bands of scar-like tissue) that span two or more intra-abdominal organs and/or the inner abdominal wall (i.e. peritoneal membrane).",Intra-abdominal adhesion,Abnormal abdomen morphology (HP_0001438),[],,
HP_0033236,Cognitive fatigue,A failure to sustain attention that requires self-motivation to optimize performance.,Central fatigue,Fatigue (HP_0012378),[],,
HP_0033310,Osmotic diarrhea,"Osmotic diarrhea results from the presence of osmotically active, poorly absorbed solutes in the bowel lumen that inhibit normal water and electrolyte absorption.",,Diarrhea (HP_0002014),[],,
HP_0033343,Mucoid diarrhea,"Passage of an increased number of stools containing mucus, a thick fluid substance secreted by mucous membranes.",Mucous diarrhea | Mucous diarrhoea,Diarrhea (HP_0002014),[],,
HP_0033399,Persistent fever,"Fever that persists longer than expected for an acute infectious disease. No precise threshold exists, and the clinical interpretation of fever is context-dependent, but as a rule of thumb, this term refers to fever that persists longer than 2-3 weeks.",,Fever (HP_0001945),[],,
HP_0033400,Acute abdomen,"A sudden onset of abdominal pain with associated nausea or vomiting. The acute abdomen may be caused by an infection, inflammation, vascular occlusion, or obstruction.",Acute abdominal pain,Abdominal pain (HP_0002027),[],,
HP_0033630,Brain fog,"Brain fog is a type of transient cognitive dysfunction that comprises a constellation of symptoms that impair intellectual functioning to a level that interferes with daily activities, commonly including forgetfulness, mental slowness, difficulty thinking or focusing, a perceived slowing of mental processing speed, inability to find the right words, a sensation that the mind went blank or is ""cloudy"". Brain fog tends to recur and may be triggered by factors such as physical fatigue, lack of sleep, and prolonged standing or may appear to occur spontaneously.",Mental clouding | Mental fatigue | Mental fog,Cognitive impairment (HP_0100543),[],,
HP_0034267,Pelvic pain,"Pain perceived in the area of the pelvis, the lower part of the abdomen located between the hip bones.",Pain in the pelvis,Pain (HP_0012531),[],,
HP_0034310,Post-vaccination yellow fever,Infection with the yellow fever virus of the live-attenuated vaccine.,Postvaccination yellow fever,Infection following live vaccination (HP_0020085),[],,
HP_0034477,Perihepatic adhesions,Abnormal union of the membranous surfaces of the liver capsule and the parietal peritoneum due to inflammation or injury. Adhesions may be visualized by laparoscopy and may have a violin string appearance.,Peri-hepatic adhesions,Abnormal peritoneum morphology (HP_0002585),[],,
HP_0100311,Cerebral ventricular adhesions,Bands of scar-like tissue that have formed within a cerebral ventricle.,,Abnormal cerebral ventricle morphology (HP_0002118),[],,
HP_0100518,Dysuria,Painful or difficult urination.,Painful or difficult urination | Dull burning sensation with urination,Functional abnormality of the bladder (HP_0000009),[],,
HP_0100607,Dysmenorrhea,Pain during menstruation that interferes with daily activities.,Painful menstruation,Abnormality of the menstrual cycle (HP_0000140) | Pain (HP_0012531),[],,
HP_6000452,Gallbladder adhesions,Strands of scar tissue bands of scar tissue that form an abnormal connection between the gallbladder and another abdominal structure. Adhesions can form followiing gallbladder inflammation (cholecystitis).,,Abnormal gallbladder morphology (HP_0012437),[],,
HP_6000631,Unilocular ovarian cyst,An ovarian cyst without septa and a solid component.,,Ovarian cyst (HP_0000138),[],,
HP_6000672,Ovarian cystadenoma,"A common, benign ovarian tumor that carries a good prognosis. The two most frequent types of cystadenomas are serous and mucinous cystadenomas whereas endometrioid and clear cell cystadenomas are rare.",,Ovarian neoplasm (HP_0100615),[],,
HP:0002020,Gastroesophageal reflux,A condition in which the stomach contents leak backwards from the stomach into the esophagus through the lower esophageal sphincter.,Acid reflux | Acid reflux disease | GERD | GORD | Gastro-esophageal reflux | Gastro-oesophageal reflux | Gastroesophageal reflux disease | Heartburn,Abnormal esophagus physiology (HP_0025270),[],,
HP:0030839,Knee pain,"An unpleasant sensation characterized by physical discomfort (such as pricking, throbbing, or aching) localized to the knee.",Knee pain,Lower limb pain (HP_0012514),[],,
HP:0012514,Lower limb pain,"An unpleasant sensation characterized by physical discomfort (such as pricking, throbbing, or aching) localized to the leg.",Leg pain | Lower limb pain,Limb pain (HP_0009763),[],,
HP:0003733,Thigh hypertrophy,Muscle hypertrophy affecting the thighs.,Increased thigh size,Muscle hypertrophy of the lower extremities (HP_0008968),"[{""property_type"": ""SOME"", ""property_label"": ""has part"", ""target_class_label"": ""hypertrophic AND (characteristic of SOME hindlimb stylopod muscle) AND (has modifier SOME abnormal"", ""target_class_id"": ""Complex_Expression"", ""cardinality"": null}]",has part SOME hypertrophic AND (characteristic of SOME hindlimb stylopod muscle) AND (has modifier SOME abnormal,hypertrophic and ( hindlimb stylopod muscle) and ( abnormal
HP:0000012,Urinary urgency,"Urge incontinence is the strong, sudden need to urinate.",Overactive bladder | Urgent micturition | Urinary urgency | Overactive bladder syndrome | Urgency frequency syndrome,Functional abnormality of the bladder (HP_0000009),[],,
HP:0032271,Extrapulmonary tuberculosis,"A type of tubercular infection located outside of the lung, which is the most common location of tuberculosis. There are two types of clinical manifestation of tuberculosis (TB) are pulmonary TB (PTB) and extrapulmonary TB (EPTB). The former is most common. EPTB refers to TB involving organs other than the lungs (e.g., pleura, lymph nodes, abdomen, genitourinary tract, skin, joints and bones, or meninges). A patient with both pulmonary and EPTB is classified as a case of PTB.",Extrapulmonary TB,Opportunistic bacterial infection (HP_0032260),[],,
HP:0000108,Renal corticomedullary cysts,The presence of multiple cysts at the border between the renal cortex and medulla.,Corticomedullary renal cysts | Renal corticomedullary cystic disease,Renal cyst (HP_0000107) | Abnormal renal cortex morphology (HP_0011035) | Abnormal renal medulla morphology (HP_0100957),[],,
HP:0000319,Smooth philtrum,"Flat skin surface, with no ridge formation in the central region of the upper lip between the nasal base and upper vermilion border.","Decreased depth of philtrum | Flat philtrum | Indistinct philtrum | Philtrum, smooth | Shallow philtrum | Simple philtrum",Abnormality of the philtrum (HP_0000288),"[{""property_type"": ""SOME"", ""property_label"": ""has part"", ""target_class_label"": ""flat AND (characteristic of SOME philtrum) AND (has modifier SOME abnormal"", ""target_class_id"": ""Complex_Expression"", ""cardinality"": null}]",has part SOME flat AND (characteristic of SOME philtrum) AND (has modifier SOME abnormal,flat and ( philtrum) and ( abnormal
HP:0033589,Flatulence,Passage of excessive amounts of gas and the feeling of abdominal fullness and bloating.,,Abdominal symptom (HP_0011458),[],,
HP:0002027,Abdominal pain,"An unpleasant sensation characterized by physical discomfort (such as pricking, throbbing, or aching) and perceived to originate in the abdomen.",Abdominal pain | Pain in stomach | Stomach pain | Abdominal discomfort | Upset stomach,Abdominal symptom (HP_0011458) | Pain (HP_0012531),[],,
HP:0002014,Diarrhea,Abnormally increased frequency (usually defined as three or more) loose or watery bowel movements a day.,Diarrhea | Diarrhoea | Watery stool,Abdominal symptom (HP_0011458),"[{""property_type"": ""SOME"", ""property_label"": ""has part"", ""target_class_label"": ""quality of a liquid AND (characteristic of SOME feces) AND (has modifier SOME abnormal"", ""target_class_id"": ""Complex_Expression"", ""cardinality"": null}]",has part SOME quality of a liquid AND (characteristic of SOME feces) AND (has modifier SOME abnormal,quality liquid and ( feces) and ( abnormal
HP:0012702,Tenesmus,"A repeated, painful urge to defecate without excreting stool.",,Abnormal large intestine physiology (HP_0012700),[],,
HP:0003419,Low back pain,"An unpleasant sensation characterized by physical discomfort (such as pricking, throbbing, or aching) localized to the lower back.",Lower back pain | Lumbago,Back pain (HP_0003418),[],,
HP:0000486,Strabismus,"A misalignment of the eyes so that the visual axes deviate from bifoveal fixation. The classification of strabismus may be based on a number of features including the relative position of the eyes, whether the deviation is latent or manifest, intermittent or constant, concomitant or otherwise and according to the age of onset and the relevance of any associated refractive error.",Cross-eyed | Squint | Squint eyes,Abnormal conjugate eye movement (HP_0000549),"[{""property_type"": ""SOME"", ""property_label"": ""has part"", ""target_class_label"": ""misaligned with AND (characteristic of SOME anatomical line between pupils) AND (has modifier SOME abnormal"", ""target_class_id"": ""Complex_Expression"", ""cardinality"": null}]",has part SOME misaligned with AND (characteristic of SOME anatomical line between pupils) AND (has modifier SOME abnormal,misaligned with and ( anatomical line between pupils) and ( abnormal
HP:0011868,Sciatica,Pain in the lower back and hip radiating in the distribution of the sciatic nerve.,,Back pain (HP_0003418),[],,
HP:0000020,Urinary incontinence,Loss of the ability to control the urinary bladder leading to involuntary urination.,Bladder incontinence | Loss of bladder control,Functional abnormality of the bladder (HP_0000009) | Impaired continence (HP_0031064),[],,
HP:0000019,Urinary hesitancy,Difficulty in beginning the process of urination.,Difficulty with flow,Functional abnormality of the bladder (HP_0000009),[],,
HP:0000119,Abnormality of the genitourinary system,The presence of any abnormality of the genitourinary system.,Abnormality of the GU system | Genitourinary abnormality | Genitourinary tract anomalies | Genitourinary tract malformation | Urogenital abnormalities | Urogenital anomalies | Genitourinary disease | Genitourinary dysplasia,Phenotypic abnormality (HP_0000118),"[{""property_type"": ""SOME"", ""property_label"": ""has part"", ""target_class_label"": ""quality AND (characteristic of part of SOME genitourinary system) AND (has modifier SOME abnormal"", ""target_class_id"": ""Complex_Expression"", ""cardinality"": null}]",has part SOME quality AND (characteristic of part of SOME genitourinary system) AND (has modifier SOME abnormal,quality and ( genitourinary system) and ( abnormal
HP:0012668,Vasovagal syncope,"A vasovagal episode or vasovagal syncope is the most common form of reflex syncope. Reflex syncope is a general term used to describe types of syncope resulting from a failure in autoregulation of blood pressure, and ultimately, in cerebral perfusion pressure resulting in transient loss of consciousness. The mechanisms responsible for this are complex and involve both depression of cardiac output as well as a decrease in vascular tone.",Neurocardiogenic syncope | Reflex syncope | Situational syncope | Vasovagal episode,Syncope (HP_0001279),[],,
HP:0001279,Syncope,"Syncope is a syndrome in which loss of consciousness is of relatively sudden onset, temporary (usually less than 1 to 2 minutes), self-terminating, and of usually rapid recovery. Syncope leads to a generalized weakness of muscles with loss of postural tone, inability to stand upright, and loss of consciousness. Once the patient is in a horizontal position, blood flow to the brain is no longer hindered by gravitation and consciousness is regained. Unconsciousness usually lasts for seconds to minutes. Headache and drowsiness (which usually follow seizures) do not follow a syncopal attack. Syncope results from a sudden impairment of brain metabolism usually due to a reduction in cerebral blood flow.",Fainting spell,Abnormal cardiovascular system physiology (HP_0011025),[],,
HP:0034267,Pelvic pain,"Pain perceived in the area of the pelvis, the lower part of the abdomen located between the hip bones.",Pain in the pelvis,Pain (HP_0012531),[],,
HP:0001324,Muscle weakness,Reduced strength of muscles.,Muscle weakness | Muscular weakness,Abnormal muscle physiology (HP_0011804),"[{""property_type"": ""SOME"", ""property_label"": ""has part"", ""target_class_label"": ""decreased strength AND (characteristic of SOME muscle organ) AND (has modifier SOME abnormal"", ""target_class_id"": ""Complex_Expression"", ""cardinality"": null}]",has part SOME decreased strength AND (characteristic of SOME muscle organ) AND (has modifier SOME abnormal,decreased strength and ( muscle organ) and ( abnormal
HP:0025032,Abnormality of digestive system physiology,A functional anomaly of the digestive system.,,Abnormality of the digestive system (HP_0025031),"[{""property_type"": ""SOME"", ""property_label"": ""has part"", ""target_class_label"": ""functionality AND (characteristic of SOME digestive system) AND (has modifier SOME abnormal"", ""target_class_id"": ""Complex_Expression"", ""cardinality"": null}]",has part SOME functionality AND (characteristic of SOME digestive system) AND (has modifier SOME abnormal,functionality and ( digestive system) and ( abnormal
HP:0100749,Chest pain,"An unpleasant sensation characterized by physical discomfort (such as pricking, throbbing, or aching) localized to the chest.",Chest pain | Thoracic pain | Chest discomfort,Pain (HP_0012531),[],,
HP:0002315,Headache,"Cephalgia, or pain sensed in various parts of the head, not confined to the area of distribution of any nerve.",Headache | Headaches,Abnormal nervous system physiology (HP_0012638),[],,
HP:0002076,Migraine,Migraine is a chronic neurological disorder characterized by episodic attacks of headache and associated symptoms.,Intermittent migraine headaches | Migraine | Migraine headache | Migraine headaches,Headache (HP_0002315),[],,
HP:0012531,Pain,"An unpleasant sensory and emotional experience associated with actual or potential tissue damage, or described in terms of such damage.",Pain,Constitutional symptom (HP_0025142),[],,
